id,title,description_short,picture,chapter,city,start_date,url,relative_url,video_url,event_type_title,event_type_logo,tags,allows_cohosting,result_type
2090,Netherlands TUG September 2023,"NLTUG is heading to Eindhoven for presentations on analyst skill development, public reporting and tableau tips and tricks",{},"{'chapter_location': 'Amsterdam, NH (NL)', 'city': 'Amsterdam', 'country': 'NL', 'country_name': 'Netherlands', 'description': '<p>At the events for the Netherlands Tableau User Group we cover Tableau-related topics for all levels of users. We like to have people from our local community present topics they feel passionate about and help everyone grow their skills and confidence.</p><p>Join us for one of our quarterly meetings. The location changes each time, so there might be an event near you soon!</p>', 'id': 82, 'hide_country_info': False, 'logo': {}, 'state': 'NH', 'timezone': 'Europe/Amsterdam', 'title': 'Netherlands Tableau User Group', 'relative_url': '/netherlands-tableau-user-group/', 'url': 'https://usergroups.tableau.com/netherlands-tableau-user-group/'}",Amsterdam,2023-09-26T17:00:00+02:00,https://usergroups.tableau.com/events/details/tableau-netherlands-tableau-user-group-presents-netherlands-tug-september-2023/,/events/details/tableau-netherlands-tableau-user-group-presents-netherlands-tug-september-2023/,,In-Person Event,{},"['Community-Led', 'Networking']",False,upcoming_event
2260,Projeto MP Social,Neste encontro o time do Minist√©rio P√∫blico do Estado de Mato Grosso ir√° falar do Projeto MP Social e do processo de cria√ß√£o do painel gerencial desenvolvido. ,{},"{'chapter_location': 'S√£o Paulo, SP (BR)', 'city': 'S√£o Paulo', 'country': 'BR', 'country_name': 'Brazil', 'description': None, 'id': 149, 'hide_country_info': False, 'logo': {}, 'state': 'SP', 'timezone': 'America/Sao_Paulo', 'title': 'Brazil Tableau User Group', 'relative_url': '/brazil-tableau-user-group/', 'url': 'https://usergroups.tableau.com/brazil-tableau-user-group/'}",S√£o Paulo,2023-09-26T20:00:00-03:00,https://usergroups.tableau.com/events/details/tableau-brazil-tableau-user-group-presents-projeto-mp-social/,/events/details/tableau-brazil-tableau-user-group-presents-projeto-mp-social/,,Virtual Event,{},['Best Practices'],False,upcoming_event
2131,Tableau Virtual User Group Dublin with Wiiisdom's Jeremy Blaney and Allstate's Robert Chapple,"Join us for an insight into the benefits Tableau can offer in an Information Security setting from Deputy CISO Analytics Team Manager at Allstate, Robert Chapple. Followed by Jeremy Blaney from Wiiisdom offering his expertise on Tableau Governance.","{'url': 'https://res.cloudinary.com/startup-grind/image/upload/c_fill,dpr_2,f_auto,g_center,q_auto:good/v1/gcs/platform-data-tableau/events/Tableau%2520User%2520Group%2520March%25202023%2520%25281200%2520%25C3%2597%25201200%2520px%2529%2520%2528500%2520%25C3%2597%2520282%2520px%2529%2520%25281200%2520%25C3%2597%2520628%2520px%2529%2520%25281200%2520%25C3%2597%25201200%2520px%2529%2520%25281080%2520%25C3%2597%25201080%2520px%2529%2520%25283%2529.png', 'path': 'events/Tableau User Group March 2023 (1200 √ó 1200 px) (500 √ó 282 px) (1200 √ó 628 px) (1200 √ó 1200 px) (1080 √ó 1080 px) (3).png', 'thumbnail_width': 400, 'thumbnail_height': 400, 'thumbnail_format': 'auto', 'thumbnail_url': 'https://res.cloudinary.com/startup-grind/image/upload/c_fill,dpr_2,f_auto,g_face,h_400,q_auto:good,w_400/v1/gcs/platform-data-tableau/events/Tableau%2520User%2520Group%2520March%25202023%2520%25281200%2520%25C3%2597%25201200%2520px%2529%2520%2528500%2520%25C3%2597%2520282%2520px%2529%2520%25281200%2520%25C3%2597%2520628%2520px%2529%2520%25281200%2520%25C3%2597%25201200%2520px%2529%2520%25281080%2520%25C3%2597%25201080%2520px%2529%2520%25283%2529.png'}","{'chapter_location': 'Virtual (IE)', 'city': 'Virtual', 'country': 'IE', 'country_name': 'Ireland', 'description': '', 'id': 95, 'hide_country_info': True, 'logo': {}, 'state': '', 'timezone': 'UTC', 'title': 'Dublin Tableau User Group', 'relative_url': '/dublin-tableau-user-group/', 'url': 'https://usergroups.tableau.com/dublin-tableau-user-group/'}",Virtual,2023-09-27T12:00:00+01:00,https://usergroups.tableau.com/events/details/tableau-dublin-tableau-user-group-presents-tableau-virtual-user-group-dublin-with-wiiisdoms-jeremy-blaney-and-allstates-robert-chapple/,/events/details/tableau-dublin-tableau-user-group-presents-tableau-virtual-user-group-dublin-with-wiiisdoms-jeremy-blaney-and-allstates-robert-chapple/,,Virtual Event,{},"['Best Practices', 'Community-Led']",False,upcoming_event
2196,Tableau User Group Austria | Sep '23,Regular Meet-up of the Austrian Tableau Community :-),"{'url': 'https://res.cloudinary.com/startup-grind/image/upload/c_fill,dpr_2,f_auto,g_center,q_auto:good/v1/gcs/platform-data-tableau/events/Austria_TUG_red%2520profile_7pHRCXw.png', 'path': 'events/Austria_TUG_red profile_7pHRCXw.png', 'thumbnail_width': 400, 'thumbnail_height': 400, 'thumbnail_format': 'auto', 'thumbnail_url': 'https://res.cloudinary.com/startup-grind/image/upload/c_fill,dpr_2,f_auto,g_face,h_400,q_auto:good,w_400/v1/gcs/platform-data-tableau/events/Austria_TUG_red%2520profile_7pHRCXw.png'}","{'chapter_location': 'Vienna (AT)', 'city': 'Vienna', 'country': 'AT', 'country_name': 'Austria', 'description': None, 'id': 120, 'hide_country_info': True, 'logo': {}, 'state': '', 'timezone': 'Europe/Vienna', 'title': 'Austria Tableau User Group', 'relative_url': '/austria-tableau-user-group/', 'url': 'https://usergroups.tableau.com/austria-tableau-user-group/'}",Vienna,2023-09-27T16:00:00+02:00,https://usergroups.tableau.com/events/details/tableau-austria-tableau-user-group-presents-tableau-user-group-austria-sep-23/,/events/details/tableau-austria-tableau-user-group-presents-tableau-user-group-austria-sep-23/,,In-Person Event,{},"['Best Practices', 'Community-Led', 'Job Opportunities', 'Networking']",False,upcoming_event
2235,Athens TUG | September 2023,"Join us for the next Athens Tableau User Group event on September 27th, 2023!

This event will be hosted at BCA College, Athens","{'url': 'https://res.cloudinary.com/startup-grind/image/upload/c_fill,dpr_2,f_auto,g_center,q_auto:good/v1/gcs/platform-data-tableau/events/Athens%2520TUG%2520-%2520Icon%2520-300x300px_x48kkrE.jpg', 'path': 'events/Athens TUG - Icon -300x300px_x48kkrE.jpg', 'thumbnail_width': 400, 'thumbnail_height': 400, 'thumbnail_format': 'auto', 'thumbnail_url': 'https://res.cloudinary.com/startup-grind/image/upload/c_fill,dpr_2,f_auto,g_face,h_400,q_auto:good,w_400/v1/gcs/platform-data-tableau/events/Athens%2520TUG%2520-%2520Icon%2520-300x300px_x48kkrE.jpg'}","{'chapter_location': 'Athens (GR)', 'city': 'Athens', 'country': 'GR', 'country_name': 'Greece', 'description': '<p>The Athens Tableau User Group (<b>#AthensTUG</b>) is a user group for the thriving Tableau community in Greece!</p><p>We meet approximately once a quarter, in person in Athens but we often include hybrid joining options too. </p><p>This user group is the place to be to come together and learn about the Tableau platform, whether that be Tableau Desktop, Tableau Prep or the Tableau Community. We welcome newbies and more experienced users alike and tailor our content to all abilities.</p>', 'id': 80, 'hide_country_info': False, 'logo': {'url': 'https://res.cloudinary.com/startup-grind/image/upload/c_fill,dpr_2,f_auto,g_center,q_auto:good/v1/gcs/platform-data-tableau/chapter_banners/Athens%2520TUG%2520-%2520Icon%2520-300x300px.jpg', 'path': 'chapter_banners/Athens TUG - Icon -300x300px.jpg', 'thumbnail_width': 400, 'thumbnail_height': 400, 'thumbnail_format': 'auto', 'thumbnail_url': 'https://res.cloudinary.com/startup-grind/image/upload/c_fit,dpr_2,f_auto,g_center,h_400,q_auto:good,w_400/v1/gcs/platform-data-tableau/chapter_banners/Athens%2520TUG%2520-%2520Icon%2520-300x300px.jpg'}, 'state': '', 'timezone': 'Europe/Athens', 'title': 'Athens Tableau User Group', 'relative_url': '/athens-tableau-user-group/', 'url': 'https://usergroups.tableau.com/athens-tableau-user-group/'}",Athens,2023-09-27T18:30:00+03:00,https://usergroups.tableau.com/events/details/tableau-athens-tableau-user-group-presents-athens-tug-september-2023/,/events/details/tableau-athens-tableau-user-group-presents-athens-tug-september-2023/,,In-Person Event,{},[],False,upcoming_event
2208,How to succeed : a dataviz collaboration,Datapluswomen Zurich Event,{},"{'chapter_location': 'Zurich (CH)', 'city': 'Zurich', 'country': 'CH', 'country_name': 'Switzerland', 'description': '<p>Data + Women event is an initiative to promote women working in or around data!</p><p>Men are also welcomed to join our event!</p><p>Make sure to follow us in our Tableau Forum page : <a href=""https://community.tableau.com/s/group/0F94T000000gQWESA2/data-women-zurich""><span>https://community.tableau.com/s/group/0F94T000000gQWESA2/data-women-zurich</span></a></p><p>and on Twitter : @DataZurich&nbsp;</p>', 'id': 30, 'hide_country_info': False, 'logo': {}, 'state': '', 'timezone': 'Europe/Zurich', 'title': 'Data + Women Zurich', 'relative_url': '/data-women-zurich/', 'url': 'https://usergroups.tableau.com/data-women-zurich/'}",Zurich,2023-09-27T18:00:00+02:00,https://usergroups.tableau.com/events/details/tableau-data-women-zurich-presents-how-to-succeed-a-dataviz-collaboration/,/events/details/tableau-data-women-zurich-presents-how-to-succeed-a-dataviz-collaboration/,,Virtual Event,{},[],False,upcoming_event
2249,Q3 Sept 2023 PghTUG,"ChatGPT+Tableau, Building a Tableau Community, and Trivia!","{'url': 'https://res.cloudinary.com/startup-grind/image/upload/c_fill,dpr_2,f_auto,g_center,q_auto:good/v1/gcs/platform-data-tableau/events/tub%2520logo%2520round.png', 'path': 'events/tub logo round.png', 'thumbnail_width': 400, 'thumbnail_height': 400, 'thumbnail_format': 'auto', 'thumbnail_url': 'https://res.cloudinary.com/startup-grind/image/upload/c_fill,dpr_2,f_auto,g_face,h_400,q_auto:good,w_400/v1/gcs/platform-data-tableau/events/tub%2520logo%2520round.png'}","{'chapter_location': 'Pittsburgh, PA (US)', 'city': 'Pittsburgh', 'country': 'US', 'country_name': 'United States of America', 'description': '<h3><b>About Us</b></h3><p>PGHTUG welcomes anyone interested in learning more about all things Tableau and data visualization.&nbsp; Our goal is to share knowledge, tips &amp; tricks, and connect with other Tableau users in the Pittsburgh area.  We welcome users of all ability levels and encourage feedback and requests for content so that we are catering our meetings to our user base as much as possible.</p><p>We will meet at least quarterly and may include a few social events throughout the year!  Make sure to join our <a href=""https://www.linkedin.com/groups/7469668/"">LinkedIn group</a> as well.</p><p><br></p><h3><b>Want to present?</b></h3><p>We want to hear from you! Topics range from technical/solution demos, career path stories, short tips &amp; tricks, or even just introduce yourself by answering our ""Get to Know a Member"" slide questions!</p><p><a href=""https://forms.gle/4A7uhfBRZEmMShcH8"">PGHTUG Speaker sign up!</a></p><p><br></p><h3><b>Have questions about PGHTUG?</b></h3><p>Contact the PGHTUG co-leads by email at pghtug@gmail.com.</p>', 'id': 66, 'hide_country_info': False, 'logo': {'url': 'https://res.cloudinary.com/startup-grind/image/upload/c_fill,dpr_2,f_auto,g_center,q_auto:good/v1/gcs/platform-data-tableau/chapter_banners/pgh%2520round%2520logo.jfif', 'path': 'chapter_banners/pgh round logo.jfif', 'thumbnail_width': 400, 'thumbnail_height': 400, 'thumbnail_format': 'auto', 'thumbnail_url': 'https://res.cloudinary.com/startup-grind/image/upload/c_fit,dpr_2,f_auto,g_center,h_400,q_auto:good,w_400/v1/gcs/platform-data-tableau/chapter_banners/pgh%2520round%2520logo.jfif'}, 'state': 'PA', 'timezone': 'America/New_York', 'title': 'Pittsburgh Tableau User Group', 'relative_url': '/pittsburgh-tableau-user-group/', 'url': 'https://usergroups.tableau.com/pittsburgh-tableau-user-group/'}",Pittsburgh,2023-09-27T12:00:00-04:00,https://usergroups.tableau.com/events/details/tableau-pittsburgh-tableau-user-group-presents-q3-sept-2023-pghtug/,/events/details/tableau-pittsburgh-tableau-user-group-presents-q3-sept-2023-pghtug/,,Virtual Event,{},"['Community Spotlight', 'Community-Led', 'Generative AI']",False,upcoming_event
2297,Career PathMakers - Job Search Bi-Weekly Session 2,"If you are in transition and in need of support for your job search, this is where you need to be. Every two weeks, we will have a job search session where people will share their efforts in their search with the group, upcoming plans, and any needed referrals.  ","{'url': 'https://res.cloudinary.com/startup-grind/image/upload/c_fill,dpr_2,f_auto,g_center,q_auto:good/v1/gcs/platform-data-tableau/events/image%2520%25288%2529%2520%2528Small%2529.png', 'path': 'events/image (8) (Small).png', 'thumbnail_width': 400, 'thumbnail_height': 400, 'thumbnail_format': 'auto', 'thumbnail_url': 'https://res.cloudinary.com/startup-grind/image/upload/c_fill,dpr_2,f_auto,g_face,h_400,q_auto:good,w_400/v1/gcs/platform-data-tableau/events/image%2520%25288%2529%2520%2528Small%2529.png'}","{'chapter_location': 'Virtual (US)', 'city': 'Virtual', 'country': 'US', 'country_name': 'United States of America', 'description': '<h3>What and why Career PathMakers?</h3><p>Datafam Career PathMakers is a beacon of support, mentorship, and networking for data professionals navigating their career journey. Encompassing individuals worldwide, the community thrives on mutual support, particularly for those weathering career transitions or layoffs.<br><br>Founded in response to personal experiences with career displacement, Datafam Career PathMakers is the brainchild of individuals passionate about data and willing to aid others in their career journey. Existing data communities, both regionally based and virtual, offer knowledge and connection. Still, there was a gap in providing focused mentorship, career development, and support ‚Äî a gap that Datafam Career PathMakers fills.<br><br></p><h3>Benefits of joining this group:&nbsp;</h3><p><b>Mentorship for a Successful Career in Data:</b> From beginners to seasoned experts, the community offers tailored mentorship. This collective wisdom creates a nurturing environment for growth and excellence in data and analytics.</p><p><b>Job Search Assistance:</b> Members gain from expert insights and tested strategies for a successful job search. Including networking, community building, achieving analytics excellence, and leveraging specific programs like DataFam and Salesforce Career Programs.</p><p><b>Transition Support:</b> Understanding and compassionate support during career changes. The community‚Äôs firsthand experience and guidance assist members both emotionally and practically, ensuring smoother transitions.</p><p><br><br></p>', 'id': 191, 'hide_country_info': True, 'logo': {'url': 'https://res.cloudinary.com/startup-grind/image/upload/c_fill,dpr_2,f_auto,g_center,q_auto:good/v1/gcs/platform-data-tableau/chapter_banners/image%2520%25288%2529.png', 'path': 'chapter_banners/image (8).png', 'thumbnail_width': 400, 'thumbnail_height': 400, 'thumbnail_format': 'auto', 'thumbnail_url': 'https://res.cloudinary.com/startup-grind/image/upload/c_fit,dpr_2,f_auto,g_center,h_400,q_auto:good,w_400/v1/gcs/platform-data-tableau/chapter_banners/image%2520%25288%2529.png'}, 'state': '', 'timezone': 'US/Eastern', 'title': 'DataFam Career Pathmakers Tableau User Group', 'relative_url': '/datafam-career-pathmakers-tableau-user-group/', 'url': 'https://usergroups.tableau.com/datafam-career-pathmakers-tableau-user-group/'}",Virtual,2023-09-27T16:00:00-04:00,https://usergroups.tableau.com/events/details/tableau-datafam-career-pathmakers-tableau-user-group-presents-career-pathmakers-job-search-bi-weekly-session-2/,/events/details/tableau-datafam-career-pathmakers-tableau-user-group-presents-career-pathmakers-job-search-bi-weekly-session-2/,,Virtual Event,{},"['Best Practices', 'Job Opportunities', 'Networking', 'Panel']",False,upcoming_event
2269,GenAI in Tableau: Tableau AI and Tableau Pulse,"Join us for a look into Tableau's Generative AI offerings, Tableau AI and Tableau Pulse. Learn what they are, how they work, and how you can use them from subject matter experts Raj and Homer. 

Stick around after the content for a happy hour (food and drink!) at Bar Solea! ",{},"{'chapter_location': 'Seattle, WA (US)', 'city': 'Seattle', 'country': 'US', 'country_name': 'United States of America', 'description': '', 'id': 64, 'hide_country_info': False, 'logo': {}, 'state': 'WA', 'timezone': 'America/Los_Angeles', 'title': 'Seattle Tableau User Group', 'relative_url': '/seattle-tableau-user-group/', 'url': 'https://usergroups.tableau.com/seattle-tableau-user-group/'}",Seattle,2023-09-27T15:00:00-07:00,https://usergroups.tableau.com/events/details/tableau-seattle-tableau-user-group-presents-genai-in-tableau-tableau-ai-and-tableau-pulse/,/events/details/tableau-seattle-tableau-user-group-presents-genai-in-tableau-tableau-ai-and-tableau-pulse/,,Hybrid,{},"['Best Practices', 'Community Spotlight', 'Generative AI', 'Networking']",False,upcoming_event
2280,Stockholm Data Rain Dance: Fall Insights Showcases,"Dive into a deluge of data-driven insights at the ""Data Raindance: Fall Insights Showcase,"" sponsored by Solita.
Whether you're a seasoned data professional or just starting your data journey, this exceptional event has something for everyone.
Connect with industry leaders, gain valuable insights into data visualization and analysis, and become part of a vibrant Tableau User Group community.üë•üìäüåß",{},"{'chapter_location': 'Stockholm, Stockholm County (SE)', 'city': 'Stockholm', 'country': 'SE', 'country_name': 'Sweden', 'description': ""<p>Join the Tableau enthusiasts of Stockholm, the crown jewel of Sweden! We gather to connect, collaborate, and exchange our expertise on all things Tableau, Data Visualization, and Analytics. Whether you're a seasoned pro or a newcomer to the field, we welcome all users with open arms. Let's inspire each other with our best practices, experiences, and the latest trends in this exciting realm of knowledge.üí¨ü§ù</p>"", 'id': 154, 'hide_country_info': False, 'logo': {}, 'state': 'Stockholm County', 'timezone': 'Europe/Stockholm', 'title': 'Stockholm Tableau User Group', 'relative_url': '/stockholm-tableau-user-group/', 'url': 'https://usergroups.tableau.com/stockholm-tableau-user-group/'}",Stockholm,2023-09-28T16:30:00+02:00,https://usergroups.tableau.com/events/details/tableau-stockholm-tableau-user-group-presents-stockholm-data-rain-dance-fall-insights-showcases/,/events/details/tableau-stockholm-tableau-user-group-presents-stockholm-data-rain-dance-fall-insights-showcases/,,In-Person Event,{},"['Best Practices', 'Networking', 'Tableau-Led']",False,upcoming_event
2139,"Analytics TUG September 2023 -  ""It depends"" - Build Better Dashboard - The path to success",Analytics Tableau User Group,{},"{'chapter_location': 'Virtual (US)', 'city': 'Virtual', 'country': 'US', 'country_name': 'United States of America', 'description': '<p>A user group dedicated to learning all about analytics in Tableau!</p><p>Taking place virtually almost every month, this user group is the place to be to to come together and learn about all the analytical functions across the Tableau platform, whether in Tableau Desktop, web-edit, or in Ask Data.</p><p>It‚Äôs going to be all analytics, all the time, and we‚Äôll be joined by the Tableau team when they have new analytical features to share with us each and every product update.</p><p>Make sure to follow our <a href=""https://community.tableau.com/s/group/0F94T000000gV52SAE/analytics-user-group"">Page in Tableau Forum</a> and to watch our videos in <a href=""https://www.youtube.com/channel/UC312Fj8pQthTzHkT3rvVqYg"">Youtube</a></p><p>Issue to join? Please have a lookto this <a href=""https://help.bevy.com/hc/en-us/articles/4408542661015-Troubleshooting-steps-for-attendees"">page</a><br></p><p><br></p>', 'id': 9, 'hide_country_info': True, 'logo': {'url': 'https://res.cloudinary.com/startup-grind/image/upload/c_fill,dpr_2,f_auto,g_center,q_auto:good/v1/gcs/platform-data-tableau/chapter_banners/Analytics.jpg', 'path': 'chapter_banners/Analytics.jpg', 'thumbnail_width': 400, 'thumbnail_height': 400, 'thumbnail_format': 'auto', 'thumbnail_url': 'https://res.cloudinary.com/startup-grind/image/upload/c_fit,dpr_2,f_auto,g_center,h_400,q_auto:good,w_400/v1/gcs/platform-data-tableau/chapter_banners/Analytics.jpg'}, 'state': '', 'timezone': 'America/Chicago', 'title': 'Analytics Tableau User Group', 'relative_url': '/analytics-tableau-user-group/', 'url': 'https://usergroups.tableau.com/analytics-tableau-user-group/'}",Virtual,2023-09-28T18:00:00+02:00,https://usergroups.tableau.com/events/details/tableau-analytics-tableau-user-group-presents-analytics-tug-september-2023-it-depends-build-better-dashboard-the-path-to-success/,/events/details/tableau-analytics-tableau-user-group-presents-analytics-tug-september-2023-it-depends-build-better-dashboard-the-path-to-success/,,Virtual Event,{},"['Best Practices', 'Community Spotlight', 'Community-Led', 'Tableau-Led']",False,upcoming_event
2057,ComuniDatos Septiembre 2023 - 3er Aniversario!!!,"Pronto pondremos toda la informaci√≥n sobre nuestro evento, por ahora, te invitamos a registrarte y agendarlo, no te quedes afuera!","{'url': 'https://res.cloudinary.com/startup-grind/image/upload/c_fill,dpr_2,f_auto,g_center,q_auto:good/v1/gcs/platform-data-tableau/events/LOGO_COLOR_PNG.jpg', 'path': 'events/LOGO_COLOR_PNG.jpg', 'thumbnail_width': 400, 'thumbnail_height': 400, 'thumbnail_format': 'auto', 'thumbnail_url': 'https://res.cloudinary.com/startup-grind/image/upload/c_fill,dpr_2,f_auto,g_face,h_400,q_auto:good,w_400/v1/gcs/platform-data-tableau/events/LOGO_COLOR_PNG.jpg'}","{'chapter_location': 'Virtual (US)', 'city': 'Virtual', 'country': 'US', 'country_name': 'United States of America', 'description': '<p>ComuniDatos Nace como Tableau User Group en Septiembre de 2019 con el objetivo de descubrir y unir a la comunidad hispana hablante apasionada por los datos a nivel global. Nuestro grupo ha venido evolucionando por medio de sesiones mensuales que pretenden brindar conocimiento para p√∫blico de nivel b√°sico, intermedio, avanzado sobre el mundo de Tableau y la anal√≠tica de datos en general.<br>&nbsp; &nbsp; &nbsp; &nbsp; &nbsp; &nbsp; &nbsp; &nbsp; &nbsp; &nbsp; &nbsp; &nbsp; &nbsp; &nbsp; &nbsp; &nbsp; &nbsp; &nbsp; &nbsp; &nbsp; &nbsp;&nbsp;</p><h3 style=""text-align: center;""><b><i>""√önete a nuestra comunidad registr√°ndote en el bot√≥n azul ""JOIN"" arriba para recibir notificaciones de futuros eventos ... no te pierdas nada!!!</i></b></h3><p>&nbsp; &nbsp; &nbsp; &nbsp; &nbsp; &nbsp; &nbsp; &nbsp; &nbsp; &nbsp; &nbsp; &nbsp; &nbsp; &nbsp;&nbsp;<br>Nuestra misi√≥n es unir y fortalecer a la comunidad hispana apasionada por los datos a nivel global, proporcionando un espacio de aprendizaje, colaboraci√≥n y crecimiento en el √°mbito de Tableau y la anal√≠tica de datos.</p>', 'id': 24, 'hide_country_info': True, 'logo': {}, 'state': '', 'timezone': 'America/Chicago', 'title': 'COMUNI[DATOS] Virtual Hispanic', 'relative_url': '/comunidatos-virtual-hispanic/', 'url': 'https://usergroups.tableau.com/comunidatos-virtual-hispanic/'}",Virtual,2023-09-28T15:00:00-04:00,https://usergroups.tableau.com/events/details/tableau-comunidatos-virtual-hispanic-presents-comunidatos-septiembre-2023-3er-aniversario/,/events/details/tableau-comunidatos-virtual-hispanic-presents-comunidatos-septiembre-2023-3er-aniversario/,,Virtual Event,{},['Community-Led'],False,upcoming_event
2189,How General Mills outsmarted LOD calcs + insights from their analytics leaders,"Join the datafam at General Mills World Headquarters on September 28th! Check out how one group at General Mills outsmarted Tableau LOD calcs in a clever way. After that, we will meet a few analytics leaders and learn how they measure value of their dashboards beyond user count. Bring your questions, solutions, and ideas for this interactive Tableau User Group!","{'url': 'https://res.cloudinary.com/startup-grind/image/upload/c_fill,dpr_2,f_auto,g_center,q_auto:good/v1/gcs/platform-data-tableau/events/bevy-logo_tYbzmaI.png', 'path': 'events/bevy-logo_tYbzmaI.png', 'thumbnail_width': 400, 'thumbnail_height': 400, 'thumbnail_format': 'auto', 'thumbnail_url': 'https://res.cloudinary.com/startup-grind/image/upload/c_fill,dpr_2,f_auto,g_face,h_400,q_auto:good,w_400/v1/gcs/platform-data-tableau/events/bevy-logo_tYbzmaI.png'}","{'chapter_location': 'Twin Cities, MN (US)', 'city': 'Twin Cities', 'country': 'US', 'country_name': 'United States of America', 'description': ""<p>The purpose of the Twin Cities Tableau User Group is to share knowledge, tips &amp; tricks, and connect with other Tableau users in our local community. Whether you are a beginner, a wizard, or just curious about Tableau, you are welcome here!&nbsp; We host hybrid meetings on the last Thursday of every month (except November) at various locations around the Twin Cities metro area.&nbsp;&nbsp;</p><p>Our speakers and topics are diverse; from data viz competitions and Tableau Visionary Hall-of-famers, to Tableau basics and newbies sharing their early learnings, to Tableau certification prep and new feature/function releases - you will find value in being a member of this awesome user group.&nbsp;&nbsp;</p><p>Join us and find out why the Tableau Data Fam is unlike any other tech community you've experienced before!</p>"", 'id': 58, 'hide_country_info': False, 'logo': {'url': 'https://res.cloudinary.com/startup-grind/image/upload/c_fill,dpr_2,f_auto,g_center,q_auto:good/v1/gcs/platform-data-tableau/chapter_banners/bevy-logo_XA5Z0Q8.png', 'path': 'chapter_banners/bevy-logo_XA5Z0Q8.png', 'thumbnail_width': 400, 'thumbnail_height': 400, 'thumbnail_format': 'auto', 'thumbnail_url': 'https://res.cloudinary.com/startup-grind/image/upload/c_fit,dpr_2,f_auto,g_center,h_400,q_auto:good,w_400/v1/gcs/platform-data-tableau/chapter_banners/bevy-logo_XA5Z0Q8.png'}, 'state': 'MN', 'timezone': 'America/Chicago', 'title': 'Twin Cities (Minneapolis) Tableau User Group', 'relative_url': '/twin-cities-minneapolis-tableau-user-group/', 'url': 'https://usergroups.tableau.com/twin-cities-minneapolis-tableau-user-group/'}",Twin Cities,2023-09-28T14:30:15-05:00,https://usergroups.tableau.com/events/details/tableau-twin-cities-minneapolis-tableau-user-group-presents-how-general-mills-outsmarted-lod-calcs-insights-from-their-analytics-leaders/,/events/details/tableau-twin-cities-minneapolis-tableau-user-group-presents-how-general-mills-outsmarted-lod-calcs-insights-from-their-analytics-leaders/,,Hybrid,{},"['Community-Led', 'Networking']",False,upcoming_event
2236,New Features in 2023,Our friend Kent will do a deep dive into the new features that have been pushed our way since last year. And cover some things that we can look forward too in the future!,{},"{'chapter_location': 'Oklahoma City, OK (US)', 'city': 'Oklahoma City', 'country': 'US', 'country_name': 'United States of America', 'description': '', 'id': 63, 'hide_country_info': False, 'logo': {}, 'state': 'OK', 'timezone': 'America/Chicago', 'title': 'Oklahoma Tableau User Group', 'relative_url': '/oklahoma-tableau-user-group/', 'url': 'https://usergroups.tableau.com/oklahoma-tableau-user-group/'}",Oklahoma City,2023-09-28T15:30:00-05:00,https://usergroups.tableau.com/events/details/tableau-oklahoma-tableau-user-group-presents-new-features-in-2023/,/events/details/tableau-oklahoma-tableau-user-group-presents-new-features-in-2023/,,Virtual Event,{},['Community-Led'],False,upcoming_event
2271,ComuniDatos - Buenos Aires: Nuestro primer Tableau User Group,Te invitamos a nuestros primer Tableau User Group en persona en la ciudad de Buenos Aires!!!,{},"{'chapter_location': 'Buenos Aires, CABA (AR)', 'city': 'Buenos Aires', 'country': 'AR', 'country_name': 'Argentina', 'description': '<p><b>Qui√©nes Somos</b></p><p>Bienvenidos a <b>Comunidatos Buenos Aires</b>. Somos una organizaci√≥n sin fines de lucro creada por un grupo de personas apasionadas y comprometidas con <b>Tableau</b>. Nuestra comunidad se esfuerza por difundir, compartir experiencias, apoyar el crecimiento de quienes usan <b>Tableau</b>,  traer los <i>New Features </i>de cada versi√≥n y la resoluci√≥n de problemas.</p><p><b>Nuestra Misi√≥n</b></p><p>Nuestra misi√≥n es lograr una comunidad informada y activa en la divulgaci√≥n de las novedades de <b>Tableau</b>&nbsp; donde cada vez m√°s miembros sean creadores de contenido. Nos esforzamos por que nuestra comunidad sea inclusiva y democr√°tica.</p><p><b>Nuestra Comunidad</b></p><p><b>Comunidatos Buenos Aires </b>es parte de la comunidad internacional de<b> Comunidatos</b> Y en este sentido, valoramos la diversidad de experiencias y perspectivas que aportan nuestros miembros, lo que enriquece nuestras discusiones y actividades.</p><p><b>√önete a Nosotros</b></p><p>Si compartes nuestra pasi√≥n por <b>Tableau </b> y est√°s interesado en ser parte de la comunidad, te invitamos a unirte a <b>Comunidatos Buenos Aires.&nbsp;</b>Nuestra comunidad es abierta y acogedora, desestructurada, divertida, y esperamos con ansias conocerte y aprender juntos.</p><p><b>Contacto</b></p><p>Si tienes alguna pregunta o deseas obtener m√°s informaci√≥n, no dudes en a nosotros, haz click en Join gruoup de la pagina o en el grupo de Linkedin.</p><p>¬°Esperamos verte pronto en<b> Comunidatos Buenos Aries!</b></p>', 'id': 197, 'hide_country_info': False, 'logo': {}, 'state': 'CABA', 'timezone': 'America/Argentina/Buenos_Aires', 'title': 'Comuni[DATOS] - Buenos Aires', 'relative_url': '/comunidatos-buenos-aires/', 'url': 'https://usergroups.tableau.com/comunidatos-buenos-aires/'}",Buenos Aires,2023-09-28T19:00:00-03:00,https://usergroups.tableau.com/events/details/tableau-comunidatos-buenos-aires-presents-comunidatos-buenos-aires-nuestro-primer-tableau-user-group/,/events/details/tableau-comunidatos-buenos-aires-presents-comunidatos-buenos-aires-nuestro-primer-tableau-user-group/,,In-Person Event,{},['Community-Led'],False,upcoming_event
2129,TUG Rheinland am 29. September 2023,"Von Row Level Security √ºber Team Enablement bis hin zu den neusten Features - diese Tableau User Group bietet alles, was das Herz begehrt! Und nat√ºrlich Pizza. ;-)","{'url': 'https://res.cloudinary.com/startup-grind/image/upload/c_fill,dpr_2,f_auto,g_center,q_auto:good/v1/gcs/platform-data-tableau/events/preview_event_IWJo02X.png', 'path': 'events/preview_event_IWJo02X.png', 'thumbnail_width': 400, 'thumbnail_height': 400, 'thumbnail_format': 'auto', 'thumbnail_url': 'https://res.cloudinary.com/startup-grind/image/upload/c_fill,dpr_2,f_auto,g_face,h_400,q_auto:good,w_400/v1/gcs/platform-data-tableau/events/preview_event_IWJo02X.png'}","{'chapter_location': 'Rheinland (DE)', 'city': 'Rheinland', 'country': 'DE', 'country_name': 'Germany', 'description': '', 'id': 85, 'hide_country_info': False, 'logo': {'url': 'https://res.cloudinary.com/startup-grind/image/upload/c_fill,dpr_2,f_auto,g_center,q_auto:good/v1/gcs/platform-data-tableau/chapter_banners/logo-square.png', 'path': 'chapter_banners/logo-square.png', 'thumbnail_width': 400, 'thumbnail_height': 400, 'thumbnail_format': 'auto', 'thumbnail_url': 'https://res.cloudinary.com/startup-grind/image/upload/c_fit,dpr_2,f_auto,g_center,h_400,q_auto:good,w_400/v1/gcs/platform-data-tableau/chapter_banners/logo-square.png'}, 'state': '', 'timezone': 'Europe/Berlin', 'title': 'Rheinland Tableau User Group', 'relative_url': '/rheinland-tableau-user-group/', 'url': 'https://usergroups.tableau.com/rheinland-tableau-user-group/'}",Rheinland,2023-09-29T10:00:00+02:00,https://usergroups.tableau.com/events/details/tableau-rheinland-tableau-user-group-presents-tug-rheinland-am-29-september-2023/,/events/details/tableau-rheinland-tableau-user-group-presents-tug-rheinland-am-29-september-2023/,,In-Person Event,{},"['Best Practices', 'Community-Led', 'Networking']",False,upcoming_event
2239,Market Research Tableau User Group October 2023,"For our October TUG meeting, we'll get to know and learn from Steve Wexler, hear from Sharon Resheff on how to integrate Tableau dashboards into PowerPoint and Excel, and connect with other attendees. ","{'url': 'https://res.cloudinary.com/startup-grind/image/upload/c_fill,dpr_2,f_auto,g_center,q_auto:good/v1/gcs/platform-data-tableau/events/Oct%2520TUG%2520LI%2520Post.png', 'path': 'events/Oct TUG LI Post.png', 'thumbnail_width': 400, 'thumbnail_height': 400, 'thumbnail_format': 'auto', 'thumbnail_url': 'https://res.cloudinary.com/startup-grind/image/upload/c_fill,dpr_2,f_auto,g_face,h_400,q_auto:good,w_400/v1/gcs/platform-data-tableau/events/Oct%2520TUG%2520LI%2520Post.png'}","{'chapter_location': 'Virtual (US)', 'city': 'Virtual', 'country': 'US', 'country_name': 'United States of America', 'description': '<p>Welcome to the Market Research Tableau User Group!</p>', 'id': 119, 'hide_country_info': True, 'logo': {}, 'state': '', 'timezone': 'America/Bahia_Banderas', 'title': 'Market Research Tableau User Group', 'relative_url': '/market-research-tableau-user-group/', 'url': 'https://usergroups.tableau.com/market-research-tableau-user-group/'}",Virtual,2023-10-03T11:00:00-05:00,https://usergroups.tableau.com/events/details/tableau-market-research-tableau-user-group-presents-market-research-tableau-user-group-october-2023/,/events/details/tableau-market-research-tableau-user-group-presents-market-research-tableau-user-group-october-2023/,,Virtual Event,{},"['Best Practices', 'Community Spotlight', 'Community-Led', 'Job Opportunities', 'Networking']",False,upcoming_event
2111,Datafam APAC Catch-Up 2023/10,"Join the fun. Chat with the local community, ask for help and have a good time!","{'url': 'https://res.cloudinary.com/startup-grind/image/upload/c_fill,dpr_2,f_auto,g_center,q_auto:good/v1/gcs/platform-data-tableau/events/2023-03-24%252019_33_35-_New%2520document%25201%2520-%2520Inkscape_zaVpajO.png', 'path': 'events/2023-03-24 19_33_35-_New document 1 - Inkscape_zaVpajO.png', 'thumbnail_width': 400, 'thumbnail_height': 400, 'thumbnail_format': 'auto', 'thumbnail_url': 'https://res.cloudinary.com/startup-grind/image/upload/c_fill,dpr_2,f_auto,g_face,h_400,q_auto:good,w_400/v1/gcs/platform-data-tableau/events/2023-03-24%252019_33_35-_New%2520document%25201%2520-%2520Inkscape_zaVpajO.png'}","{'chapter_location': 'Virtual (US)', 'city': 'Virtual', 'country': 'US', 'country_name': 'United States of America', 'description': '<p>The Datafam Catch-Ups came to life because of a desire to catch up with the community, when international travel was difficult.</p><p>These days it\'s a great way to stay in touch with community members across countries and regions or to meet new people.</p><p>We run monthly sessions without much of an agenda. Depending on participation, we might split up into breakout rooms, play games, help each other or just chat.</p><p>Join one of our sessions and just say ""Hello""!</p>', 'id': 31, 'hide_country_info': True, 'logo': {'url': 'https://res.cloudinary.com/startup-grind/image/upload/c_fill,dpr_2,f_auto,g_center,q_auto:good/v1/gcs/platform-data-tableau/chapter_banners/2023-03-24%252019_33_35-_New%2520document%25201%2520-%2520Inkscape.png', 'path': 'chapter_banners/2023-03-24 19_33_35-_New document 1 - Inkscape.png', 'thumbnail_width': 400, 'thumbnail_height': 400, 'thumbnail_format': 'auto', 'thumbnail_url': 'https://res.cloudinary.com/startup-grind/image/upload/c_fit,dpr_2,f_auto,g_center,h_400,q_auto:good,w_400/v1/gcs/platform-data-tableau/chapter_banners/2023-03-24%252019_33_35-_New%2520document%25201%2520-%2520Inkscape.png'}, 'state': '', 'timezone': 'Pacific/Auckland', 'title': 'Datafam Catch-Up Tableau User Group', 'relative_url': '/datafam-catch-up-tableau-user-group/', 'url': 'https://usergroups.tableau.com/datafam-catch-up-tableau-user-group/'}",Virtual,2023-10-04T17:00:00+13:00,https://usergroups.tableau.com/events/details/tableau-datafam-catch-up-tableau-user-group-presents-datafam-apac-catch-up-202310/,/events/details/tableau-datafam-catch-up-tableau-user-group-presents-datafam-apac-catch-up-202310/,,Virtual Event,{},[],False,upcoming_event
2218,TUG Zurich @Merkle with guest talk on great-looking visual tables by Visionary Klaus Schulte,"Our host company Merkle drives projects with Tableau and shares insights with us all!

Don't miss Dr. Klaus Schulte, Tableau Ambassador, #IronViz Competitor and world-known Tableau Expert
Tableau Visionary Klaus Schulte sharing his best tips and tricks for creating great-looking visual tables in Tableau.

See you at Merkle - midst of Zurich and in walking distance of Zurich Hardbr√ºcke.","{'url': 'https://res.cloudinary.com/startup-grind/image/upload/c_fill,dpr_2,f_auto,g_center,q_auto:good/v1/gcs/platform-data-tableau/events/ZURICH_TUG.JPG', 'path': 'events/ZURICH_TUG.JPG', 'thumbnail_width': 400, 'thumbnail_height': 400, 'thumbnail_format': 'auto', 'thumbnail_url': 'https://res.cloudinary.com/startup-grind/image/upload/c_fill,dpr_2,f_auto,g_face,h_400,q_auto:good,w_400/v1/gcs/platform-data-tableau/events/ZURICH_TUG.JPG'}","{'chapter_location': 'Zurich (CH)', 'city': 'Zurich', 'country': 'CH', 'country_name': 'Switzerland', 'description': ""<p>Welcome to the Zurich Tableau User Group!</p><p>We are a vibrant community of Tableau users hailing from the wider Zurich area. Our group provides a unique opportunity for individuals passionate about Tableau, Tableau Server, Data, and Storytelling to connect and learn together.</p><p>By gathering in person, we foster an environment that encourages hands-on learning and knowledge sharing. Whether you're a seasoned Tableau expert or just starting your data visualization journey, our meetings are designed to cater to all skill levels. We firmly believe that the power of collective intelligence lies in the diversity of our members' experiences and backgrounds.</p><p>Our group discussions delve into a wide range of topics, including best practices, success stories, and critical challenges faced by Tableau users. Through these conversations, we gain valuable insights and practical knowledge that empower us to enhance our own data visualization skills.</p><p>But it's not just about learning and professional growth; it's also about having fun and building a strong community. We believe that a supportive and collaborative environment fosters both personal and professional development. So, expect engaging interactions, lively discussions, and lasting connections with fellow data enthusiasts.</p><p>The Zurich Tableau User Group warmly welcomes anyone with an interest in Tableau and the world of data visualization. Whether you're a data analyst, data scientist, business intelligence professional, or simply curious about Tableau's capabilities, we invite you to join us and become an active member of our community.</p><p>We - Ueli Basler and Benny Saladin, the Zurich Tableau User Group organizers - are excited to have you on board. We look forward to welcoming you as a member and embarking on this enriching Tableau journey together!</p><p>Join us now and let's explore the exciting world of Tableau!</p><p>Note: Please visit our official website or reach out to us directly for information on upcoming events, meeting locations, and membership details.</p>"", 'id': 87, 'hide_country_info': False, 'logo': {'url': 'https://res.cloudinary.com/startup-grind/image/upload/c_fill,dpr_2,f_auto,g_center,q_auto:good/v1/gcs/platform-data-tableau/chapter_banners/TUG_ZH_4yTvd2F.jpg', 'path': 'chapter_banners/TUG_ZH_4yTvd2F.jpg', 'thumbnail_width': 400, 'thumbnail_height': 400, 'thumbnail_format': 'auto', 'thumbnail_url': 'https://res.cloudinary.com/startup-grind/image/upload/c_fit,dpr_2,f_auto,g_center,h_400,q_auto:good,w_400/v1/gcs/platform-data-tableau/chapter_banners/TUG_ZH_4yTvd2F.jpg'}, 'state': '', 'timezone': 'Europe/Zurich', 'title': 'Zurich Tableau User Group', 'relative_url': '/zurich-tableau-user-group/', 'url': 'https://usergroups.tableau.com/zurich-tableau-user-group/'}",Zurich,2023-10-04T18:00:00+02:00,https://usergroups.tableau.com/events/details/tableau-zurich-tableau-user-group-presents-tug-zurich-merkle-with-guest-talk-on-great-looking-visual-tables-by-visionary-klaus-schulte/,/events/details/tableau-zurich-tableau-user-group-presents-tug-zurich-merkle-with-guest-talk-on-great-looking-visual-tables-by-visionary-klaus-schulte/,,In-Person Event,{},"['Best Practices', 'Community-Led', 'Networking']",False,upcoming_event
2311,Info und Q+A | Data Driven Decision Making | Zertifikatsprogramm,"Inhalte Programm:    
‚Ä¢ Grundlagen der Digitalisierung - Digitale Transformation in der Unternehmenssteuerung
‚Ä¢ Business Intelligence & Digitales Reporting - Datenmanagement ‚Äì Analysetechniken ‚Äì Visualisierung
‚Ä¢ Grundlagen Machine Learning & KI ‚Äì Datengewinnung, Modelle ausw√§hlen und einf√ºhren
‚Ä¢ Advanced Machine Learning & KI - Modelle erstellen, evaluieren und optimieren",{},"{'chapter_location': 'Rhein-Neckar-Kreis, BW (DE)', 'city': 'Rhein-Neckar-Kreis', 'country': 'DE', 'country_name': 'Germany', 'description': '<h2><b><i>Herzlich Willkommen bei unserer<br>Tableau User Group Metropolregion Rhein-Neckar</i></b></h2>', 'id': 184, 'hide_country_info': False, 'logo': {}, 'state': 'BW', 'timezone': 'Europe/Berlin', 'title': 'Metropolregion Rhein-Neckar Tableau User Group', 'relative_url': '/metropolregion-rhein-neckar-tableau-user-group/', 'url': 'https://usergroups.tableau.com/metropolregion-rhein-neckar-tableau-user-group/'}",Rhein-Neckar-Kreis,2023-10-05T11:00:00+02:00,https://usergroups.tableau.com/events/details/tableau-metropolregion-rhein-neckar-tableau-user-group-presents-info-und-qa-data-driven-decision-making-zertifikatsprogramm/,/events/details/tableau-metropolregion-rhein-neckar-tableau-user-group-presents-info-und-qa-data-driven-decision-making-zertifikatsprogramm/,,Virtual Event,{},['Networking'],False,upcoming_event
2238,TUG Hamburg Treffen bei moebel.de,"Das n√§chste Treffen der Tableau User Group Hamburg findet bei moebel.de statt.
 ",{},"{'chapter_location': 'Hamburg, HH (DE)', 'city': 'Hamburg', 'country': 'DE', 'country_name': 'Germany', 'description': None, 'id': 117, 'hide_country_info': False, 'logo': {}, 'state': 'HH', 'timezone': 'Europe/Berlin', 'title': 'Hamburg Tableau User Group', 'relative_url': '/hamburg-tableau-user-group/', 'url': 'https://usergroups.tableau.com/hamburg-tableau-user-group/'}",Hamburg,2023-10-05T16:00:00+02:00,https://usergroups.tableau.com/events/details/tableau-hamburg-tableau-user-group-presents-tug-hamburg-treffen-bei-moebelde/,/events/details/tableau-hamburg-tableau-user-group-presents-tug-hamburg-treffen-bei-moebelde/,,In-Person Event,{},[],False,upcoming_event
2023,PRGTUG: IN-PERSON EVENT! 2023 M3,"The Prague Tableau User Group meeting is a great opportunity for networking, where attendees have the chance to meet and connect with other Tableau enthusiasts. 
Those events are focused on creating a place for sharing knowledge, allowing participants to exchange insights and ideas. 
Our host is ACTUM DIGITAL, Holesovice. 
At the end of the event we will continue the fun by heading to a pub. ",{},"{'chapter_location': 'Prague, Prague (CZ)', 'city': 'Prague', 'country': 'CZ', 'country_name': 'Czechia', 'description': '<p>Prague TUG (PRGTUG) is an open Tableau User Group (TUG) based in Prague, Czech Republic. It is for all customers, fans and enthusiasts of Tableau.</p><p>Whenever you are a beginner, a wizard, or just curious, you are welcome to join the group!</p>', 'id': 139, 'hide_country_info': False, 'logo': {}, 'state': 'Prague', 'timezone': 'Europe/Prague', 'title': 'Prague Tableau User Group', 'relative_url': '/prague-tableau-user-group/', 'url': 'https://usergroups.tableau.com/prague-tableau-user-group/'}",Prague,2023-10-05T18:00:00+02:00,https://usergroups.tableau.com/events/details/tableau-prague-tableau-user-group-presents-prgtug-in-person-event-2023-m3/,/events/details/tableau-prague-tableau-user-group-presents-prgtug-in-person-event-2023-m3/,,In-Person Event,{},"['Best Practices', 'Community-Led', 'Networking']",False,upcoming_event
2288,"PDX TUG Tableau Learning: Beginner, Intermediate, Advanced. Come one come all!","This month we've got something for everyone! A quick crash course on Tableau, a how to on Parameters, and what the heck are LOD's?? All this and more will be covered.","{'url': 'https://res.cloudinary.com/startup-grind/image/upload/c_fill,dpr_2,f_auto,g_center,q_auto:good/v1/gcs/platform-data-tableau/events/PDXTUG_logo1_green2_wXeBOXX.png', 'path': 'events/PDXTUG_logo1_green2_wXeBOXX.png', 'thumbnail_width': 400, 'thumbnail_height': 400, 'thumbnail_format': 'auto', 'thumbnail_url': 'https://res.cloudinary.com/startup-grind/image/upload/c_fill,dpr_2,f_auto,g_face,h_400,q_auto:good,w_400/v1/gcs/platform-data-tableau/events/PDXTUG_logo1_green2_wXeBOXX.png'}","{'chapter_location': 'Portland, OR (US)', 'city': 'Portland', 'country': 'US', 'country_name': 'United States of America', 'description': '', 'id': 55, 'hide_country_info': False, 'logo': {'url': 'https://res.cloudinary.com/startup-grind/image/upload/c_fill,dpr_2,f_auto,g_center,q_auto:good/v1/gcs/platform-data-tableau/chapter_banners/PDXTUG_logo1_green2.png', 'path': 'chapter_banners/PDXTUG_logo1_green2.png', 'thumbnail_width': 400, 'thumbnail_height': 400, 'thumbnail_format': 'auto', 'thumbnail_url': 'https://res.cloudinary.com/startup-grind/image/upload/c_fit,dpr_2,f_auto,g_center,h_400,q_auto:good,w_400/v1/gcs/platform-data-tableau/chapter_banners/PDXTUG_logo1_green2.png'}, 'state': 'OR', 'timezone': 'America/Los_Angeles', 'title': 'Portland Tableau User Group', 'relative_url': '/portland-tableau-user-group/', 'url': 'https://usergroups.tableau.com/portland-tableau-user-group/'}",Portland,2023-10-05T13:00:00-07:00,https://usergroups.tableau.com/events/details/tableau-portland-tableau-user-group-presents-pdx-tug-tableau-learning-beginner-intermediate-advanced-come-one-come-all/,/events/details/tableau-portland-tableau-user-group-presents-pdx-tug-tableau-learning-beginner-intermediate-advanced-come-one-come-all/,,Virtual Event,{},['Community-Led'],False,upcoming_event
2304,Primer encuentro: conozca la nueva comunidad de usuarios de Tableau Costa Rica,"Hemos creado el cap√≠tulo Costa Rica para apoyar nuestra comunidad de usuarios Tableau,  el objetivo principal consiste en consolidar una comunidad de apoyo, compartir recursos y conocimiento, actualizarnos de lo que ofrece la plataforma Tableau, hacer networking y mas actividades de colaboraci√≥n.",{},"{'chapter_location': 'San Jos√©, San Jos√© Province (CR)', 'city': 'San Jos√©', 'country': 'CR', 'country_name': 'Costa Rica', 'description': '<p>Somos un grupo de entusiastas en el uso de la Plataforma Tableau, enfocados en aportar valor en las organizaciones y mayores conocimientos en la cultura anal√≠tica de datos para su desarrollo profesional, aportando para abrir mayores oportunidades de empleo y de negocio.&nbsp;</p><p>Tableau es parte del Data-Driven Path que debe ser necesario conocer, profundizar e implementar en las organizaciones para que se facilite la toma de decisiones basadas en datos. En este grupo estaremos realizando actividades de generaci√≥n de conocimiento, entender el futuro de esta plataforma e integraci√≥n con otras tecnolog√≠as, hacemos transferencia de conocimiento y disfrutaremos socializando con personas de nuestro mismo idioma y objetivos profesionales.</p>', 'id': 185, 'hide_country_info': True, 'logo': {'url': 'https://res.cloudinary.com/startup-grind/image/upload/c_fill,dpr_2,f_auto,g_center,q_auto:good/v1/gcs/platform-data-tableau/chapter_banners/Avatar%2520Tableau%2520400x400.png', 'path': 'chapter_banners/Avatar Tableau 400x400.png', 'thumbnail_width': 400, 'thumbnail_height': 400, 'thumbnail_format': 'auto', 'thumbnail_url': 'https://res.cloudinary.com/startup-grind/image/upload/c_fit,dpr_2,f_auto,g_center,h_400,q_auto:good,w_400/v1/gcs/platform-data-tableau/chapter_banners/Avatar%2520Tableau%2520400x400.png'}, 'state': 'San Jos√© Province', 'timezone': 'America/Costa_Rica', 'title': 'Comuni[DATOS] - Costa Rica', 'relative_url': '/comunidatos-costa-rica/', 'url': 'https://usergroups.tableau.com/comunidatos-costa-rica/'}",San Jos√©,2023-10-05T19:00:00-06:00,https://usergroups.tableau.com/events/details/tableau-costa-rica-tableau-user-group-presents-primer-encuentro-conozca-la-nueva-comunidad-de-usuarios-de-tableau-costa-rica/,/events/details/tableau-costa-rica-tableau-user-group-presents-primer-encuentro-conozca-la-nueva-comunidad-de-usuarios-de-tableau-costa-rica/,,Virtual Event,{},"['Community Spotlight', 'Community-Led', 'Networking', 'Tableau-Led']",False,upcoming_event
